,train,validation,test
R2,0.9805974,0.98119426,0.98162293
MAE,15.986896,16.159431,15.749534
MSE,405.55585,402.0605,387.79733
